"DOI","title","code","dataset","year","dls"
"10.23637/bbk-2078416917-01",<i>Cirsium arvense</i> frequency on Broadbalk Section 8 1991-2018,R/BK/1,CIRSIUM1991,2021,1
"10.23637/bbk-2078416917-01",<i>Cirsium arvense</i> frequency on Broadbalk Section 8 1991-2018,R/BK/1,CIRSIUM1991,2022,2
"10.23637/bbk-2078416917-01",<i>Cirsium arvense</i> frequency on Broadbalk Section 8 1991-2018,R/BK/1,CIRSIUM1991,2023,1
"10.23637/bbk-2078416917-01",<i>Cirsium arvense</i> frequency on Broadbalk Section 8 1991-2018,R/BK/1,CIRSIUM1991,2024,1
"10.23637/bbk-2078416917-01",<i>Cirsium arvense</i> frequency on Broadbalk Section 8 1991-2018,R/BK/1,CIRSIUM1991,2025,4
"10.23637/bbk-2078416917-01",<i>Cirsium arvense</i> frequency on Broadbalk Section 8 1991-2018,R/BK/1,CIRSIUM1991,2026,6
"10.23637/BK-oadata-soilN-01","Broadbalk Soil Total % Nitrogen Content, 1843-2010 ",R/BK/1,Nitro1843,2021,14
"10.23637/BK-oadata-soilN-01","Broadbalk Soil Total % Nitrogen Content, 1843-2010 ",R/BK/1,Nitro1843,2022,20
"10.23637/BK-oadata-soilN-01","Broadbalk Soil Total % Nitrogen Content, 1843-2010 ",R/BK/1,Nitro1843,2023,19
"10.23637/BK-oadata-soilN-01","Broadbalk Soil Total % Nitrogen Content, 1843-2010 ",R/BK/1,Nitro1843,2024,16
"10.23637/BK-oadata-soilN-01","Broadbalk Soil Total % Nitrogen Content, 1843-2010 ",R/BK/1,Nitro1843,2025,21
"10.23637/BK-oadata-soilN-01","Broadbalk Soil Total % Nitrogen Content, 1843-2010 ",R/BK/1,Nitro1843,2026,18
"10.23637/EX4-oadata-001-01","Exhaustion Land yields (spring barley and winter wheat) and assorted crop & soil phosphate (P) data, 1974-2008 ",R/EX/4,ExLand2016,2021,11
"10.23637/EX4-oadata-001-01","Exhaustion Land yields (spring barley and winter wheat) and assorted crop & soil phosphate (P) data, 1974-2008 ",R/EX/4,ExLand2016,2022,17
"10.23637/EX4-oadata-001-01","Exhaustion Land yields (spring barley and winter wheat) and assorted crop & soil phosphate (P) data, 1974-2008 ",R/EX/4,ExLand2016,2023,3
"10.23637/keyrefoabkolsenp","Broadbalk changes in Olsen P in top soil, 1843-2010",R/BK/1,OAOlsenP1844,2021,10
"10.23637/keyrefoabkolsenp","Broadbalk changes in Olsen P in top soil, 1843-2010",R/BK/1,OAOlsenP1844,2022,9
"10.23637/keyrefoabkolsenp","Broadbalk changes in Olsen P in top soil, 1843-2010",R/BK/1,OAOlsenP1844,2023,3
"10.23637/keyrefoabkolsenp","Broadbalk changes in Olsen P in top soil, 1843-2010",R/BK/1,OAOlsenP1844,2024,4
"10.23637/keyrefoabkolsenp","Broadbalk changes in Olsen P in top soil, 1843-2010",R/BK/1,OAOlsenP1844,2025,10
"10.23637/keyrefoabkolsenp","Broadbalk changes in Olsen P in top soil, 1843-2010",R/BK/1,OAOlsenP1844,2026,13
"10.23637/KeyRefOABKsoc",Broadbalk soil organic carbon content 1843-2010 ,R/BK/1,BKSOC1843,2021,14
"10.23637/KeyRefOABKsoc",Broadbalk soil organic carbon content 1843-2010 ,R/BK/1,BKSOC1843,2022,9
"10.23637/KeyRefOABKsoc",Broadbalk soil organic carbon content 1843-2010 ,R/BK/1,BKSOC1843,2023,9
"10.23637/KeyRefOABKsoc",Broadbalk soil organic carbon content 1843-2010 ,R/BK/1,BKSOC1843,2024,10
"10.23637/KeyRefOABKsoc",Broadbalk soil organic carbon content 1843-2010 ,R/BK/1,BKSOC1843,2025,10
"10.23637/KeyRefOABKsoc",Broadbalk soil organic carbon content 1843-2010 ,R/BK/1,BKSOC1843,2026,5
"10.23637/KeyRefOABKsoc-02",Broadbalk soil organic carbon content 1843-2015 ,R/BK/1,BKSOC1843,2021,33
"10.23637/KeyRefOABKsoc-02",Broadbalk soil organic carbon content 1843-2015 ,R/BK/1,BKSOC1843,2022,45
"10.23637/KeyRefOABKsoc-02",Broadbalk soil organic carbon content 1843-2015 ,R/BK/1,BKSOC1843,2023,41
"10.23637/KeyRefOABKsoc-02",Broadbalk soil organic carbon content 1843-2015 ,R/BK/1,BKSOC1843,2024,35
"10.23637/KeyRefOABKsoc-02",Broadbalk soil organic carbon content 1843-2015 ,R/BK/1,BKSOC1843,2025,47
"10.23637/KeyRefOABKsoc-02",Broadbalk soil organic carbon content 1843-2015 ,R/BK/1,BKSOC1843,2026,30
"10.23637/KeyRefOABKWoc",Broadbalk Wilderness accumulation of organic carbon,R/BK/1W,BKWoc,2021,7
"10.23637/KeyRefOABKWoc",Broadbalk Wilderness accumulation of organic carbon,R/BK/1W,BKWoc,2022,22
"10.23637/KeyRefOABKWoc",Broadbalk Wilderness accumulation of organic carbon,R/BK/1W,BKWoc,2023,7
"10.23637/KeyRefOABKWoc",Broadbalk Wilderness accumulation of organic carbon,R/BK/1W,BKWoc,2024,6
"10.23637/KeyRefOABKWoc",Broadbalk Wilderness accumulation of organic carbon,R/BK/1W,BKWoc,2025,11
"10.23637/KeyRefOABKWoc",Broadbalk Wilderness accumulation of organic carbon,R/BK/1W,BKWoc,2026,8
"10.23637/KeyRefOABKyields",Broadbalk mean long-term winter wheat yields 1852-2016 ,R/BK/1,OAWWYields,2021,42
"10.23637/KeyRefOABKyields",Broadbalk mean long-term winter wheat yields 1852-2016 ,R/BK/1,OAWWYields,2022,104
"10.23637/KeyRefOABKyields",Broadbalk mean long-term winter wheat yields 1852-2016 ,R/BK/1,OAWWYields,2023,33
"10.23637/KeyRefOABKyields",Broadbalk mean long-term winter wheat yields 1852-2016 ,R/BK/1,OAWWYields,2024,19
"10.23637/KeyRefOABKyields",Broadbalk mean long-term winter wheat yields 1852-2016 ,R/BK/1,OAWWYields,2025,11
"10.23637/KeyRefOABKyields",Broadbalk mean long-term winter wheat yields 1852-2016 ,R/BK/1,OAWWYields,2026,1
"10.23637/KeyRefOAGEWoc",Geescroft wilderness accumulation of organic carbon ,R/GE/9,GEWoc,2021,5
"10.23637/KeyRefOAGEWoc",Geescroft wilderness accumulation of organic carbon ,R/GE/9,GEWoc,2022,15
"10.23637/KeyRefOAGEWoc",Geescroft wilderness accumulation of organic carbon ,R/GE/9,GEWoc,2023,10
"10.23637/KeyRefOAGEWoc",Geescroft wilderness accumulation of organic carbon ,R/GE/9,GEWoc,2024,2
"10.23637/KeyRefOAGEWoc",Geescroft wilderness accumulation of organic carbon ,R/GE/9,GEWoc,2025,8
"10.23637/KeyRefOAGEWoc",Geescroft wilderness accumulation of organic carbon ,R/GE/9,GEWoc,2026,4
"10.23637/KeyRefOAHBsoc",Hoosfield soil organic carbon content,R/HB/2,HBSOC1852,2021,19
"10.23637/KeyRefOAHBsoc",Hoosfield soil organic carbon content,R/HB/2,HBSOC1852,2022,24
"10.23637/KeyRefOAHBsoc",Hoosfield soil organic carbon content,R/HB/2,HBSOC1852,2023,24
"10.23637/KeyRefOAHBsoc",Hoosfield soil organic carbon content,R/HB/2,HBSOC1852,2024,17
"10.23637/KeyRefOAHBsoc",Hoosfield soil organic carbon content,R/HB/2,HBSOC1852,2025,29
"10.23637/KeyRefOAHBsoc",Hoosfield soil organic carbon content,R/HB/2,HBSOC1852,2026,10
"10.23637/KeyRefOAHByields",Hoosfield mean long-term spring barley yields 1852-2015 ,R/HB/2,HBYields,2021,5
"10.23637/KeyRefOAHByields",Hoosfield mean long-term spring barley yields 1852-2015 ,R/HB/2,HBYields,2022,15
"10.23637/KeyRefOAHByields",Hoosfield mean long-term spring barley yields 1852-2015 ,R/HB/2,HBYields,2023,15
"10.23637/KeyRefOAHByields",Hoosfield mean long-term spring barley yields 1852-2015 ,R/HB/2,HBYields,2024,12
"10.23637/KeyRefOAHByields",Hoosfield mean long-term spring barley yields 1852-2015 ,R/HB/2,HBYields,2025,26
"10.23637/KeyRefOAHByields",Hoosfield mean long-term spring barley yields 1852-2015 ,R/HB/2,HBYields,2026,10
"10.23637/KeyRefOAPGsoilpH",Park Grass Soil pH 1856-2011 Selected data ,R/PG/5,OAPGsoilpH,2021,4
"10.23637/KeyRefOAPGsoilpH",Park Grass Soil pH 1856-2011 Selected data ,R/PG/5,OAPGsoilpH,2022,17
"10.23637/KeyRefOAPGsoilpH",Park Grass Soil pH 1856-2011 Selected data ,R/PG/5,OAPGsoilpH,2023,5
"10.23637/KeyRefOAPGsoilpH",Park Grass Soil pH 1856-2011 Selected data ,R/PG/5,OAPGsoilpH,2024,20
"10.23637/KeyRefOAPGsoilpH",Park Grass Soil pH 1856-2011 Selected data ,R/PG/5,OAPGsoilpH,2025,10
"10.23637/KeyRefOAPGsoilpH",Park Grass Soil pH 1856-2011 Selected data ,R/PG/5,OAPGsoilpH,2026,6
"10.23637/KeyRefOAPGspecies",Park Grass Changes in Mean Species Numbers 1864-2011,R/PG/5,OAPGspecies,2021,10
"10.23637/KeyRefOAPGspecies",Park Grass Changes in Mean Species Numbers 1864-2011,R/PG/5,OAPGspecies,2022,14
"10.23637/KeyRefOAPGspecies",Park Grass Changes in Mean Species Numbers 1864-2011,R/PG/5,OAPGspecies,2023,8
"10.23637/KeyRefOAPGspecies",Park Grass Changes in Mean Species Numbers 1864-2011,R/PG/5,OAPGspecies,2024,17
"10.23637/KeyRefOAPGspecies",Park Grass Changes in Mean Species Numbers 1864-2011,R/PG/5,OAPGspecies,2025,17
"10.23637/KeyRefOAPGspecies",Park Grass Changes in Mean Species Numbers 1864-2011,R/PG/5,OAPGspecies,2026,10
"10.23637/KeyRefOARESmatemp",Annual Mean Air Temperature at Rothamsted 1878-2013,RMS,RMAAtemp,2024,1
"10.23637/KeyRefOARLAsoc",Rothamsted Ley Arable Soil Organic Carbon 1948-2008: Highfield ,R/RN/1,HSOC4808,2021,9
"10.23637/KeyRefOARLAsoc",Rothamsted Ley Arable Soil Organic Carbon 1948-2008: Highfield ,R/RN/1,HSOC4808,2022,23
"10.23637/KeyRefOARLAsoc",Rothamsted Ley Arable Soil Organic Carbon 1948-2008: Highfield ,R/RN/1,HSOC4808,2023,19
"10.23637/KeyRefOARLAsoc",Rothamsted Ley Arable Soil Organic Carbon 1948-2008: Highfield ,R/RN/1,HSOC4808,2024,4
"10.23637/KeyRefOARLAsoc",Rothamsted Ley Arable Soil Organic Carbon 1948-2008: Highfield ,R/RN/1,HSOC4808,2025,12
"10.23637/KeyRefOARLAsoc",Rothamsted Ley Arable Soil Organic Carbon 1948-2008: Highfield ,R/RN/1,HSOC4808,2026,5
"10.23637/OARES30YrMeans6190",Rothamsted 30-year mean meteorological data 1961-1990,RMS,R30YrMeans6190,2021,1
"10.23637/OARES30YrMeans6190",Rothamsted 30-year mean meteorological data 1961-1990,RMS,R30YrMeans6190,2022,6
"10.23637/OARES30YrMeans6190",Rothamsted 30-year mean meteorological data 1961-1990,RMS,R30YrMeans6190,2023,6
"10.23637/OARES30YrMeans6190",Rothamsted 30-year mean meteorological data 1961-1990,RMS,R30YrMeans6190,2024,2
"10.23637/OARES30YrMeans6190",Rothamsted 30-year mean meteorological data 1961-1990,RMS,R30YrMeans6190,2025,3
"10.23637/OARES30YrMeans6190",Rothamsted 30-year mean meteorological data 1961-1990,RMS,R30YrMeans6190,2026,2
"10.23637/OARES30YrMeans7100",Rothamsted 30-year mean meteorological data 1971-2000,RMS,R30YrMeans7100,2021,1
"10.23637/OARES30YrMeans7100",Rothamsted 30-year mean meteorological data 1971-2000,RMS,R30YrMeans7100,2022,7
"10.23637/OARES30YrMeans7100",Rothamsted 30-year mean meteorological data 1971-2000,RMS,R30YrMeans7100,2023,1
"10.23637/OARES30YrMeans7100",Rothamsted 30-year mean meteorological data 1971-2000,RMS,R30YrMeans7100,2024,4
"10.23637/OARES30YrMeans7100",Rothamsted 30-year mean meteorological data 1971-2000,RMS,R30YrMeans7100,2025,6
"10.23637/OARES30YrMeans7100",Rothamsted 30-year mean meteorological data 1971-2000,RMS,R30YrMeans7100,2026,4
"10.23637/OARES30YrMeans8180",Rothamsted 30-year mean meteorological data 1981-2010,RMS,R30YrMeans8110,2021,3
"10.23637/OARES30YrMeans8180",Rothamsted 30-year mean meteorological data 1981-2010,RMS,R30YrMeans8110,2022,5
"10.23637/OARES30YrMeans8180",Rothamsted 30-year mean meteorological data 1981-2010,RMS,R30YrMeans8110,2023,1
"10.23637/OARES30YrMeans8180",Rothamsted 30-year mean meteorological data 1981-2010,RMS,R30YrMeans8110,2024,1
"10.23637/OARES30YrMeans8180",Rothamsted 30-year mean meteorological data 1981-2010,RMS,R30YrMeans8110,2025,4
"10.23637/OARES30YrMeans8180",Rothamsted 30-year mean meteorological data 1981-2010,RMS,R30YrMeans8110,2026,4
"10.23637/OARES30YrMeans9120",Rothamsted 30-year mean meteorological data 1991-2020,RMS,R30YrMeans9120,2021,8
"10.23637/OARES30YrMeans9120",Rothamsted 30-year mean meteorological data 1991-2020,RMS,R30YrMeans9120,2022,15
"10.23637/OARES30YrMeans9120",Rothamsted 30-year mean meteorological data 1991-2020,RMS,R30YrMeans9120,2023,14
"10.23637/OARES30YrMeans9120",Rothamsted 30-year mean meteorological data 1991-2020,RMS,R30YrMeans9120,2024,7
"10.23637/OARES30YrMeans9120",Rothamsted 30-year mean meteorological data 1991-2020,RMS,R30YrMeans9120,2025,8
"10.23637/OARES30YrMeans9120",Rothamsted 30-year mean meteorological data 1991-2020,RMS,R30YrMeans9120,2026,10
"10.23637/rbk1-1796346264-1",Broadbalk Wheat annual grain and straw yields 1852-1925 ,R/BK/1,YIELD852925,2021,6
"10.23637/rbk1-1796346264-1",Broadbalk Wheat annual grain and straw yields 1852-1925 ,R/BK/1,YIELD852925,2022,16
"10.23637/rbk1-1796346264-1",Broadbalk Wheat annual grain and straw yields 1852-1925 ,R/BK/1,YIELD852925,2023,22
"10.23637/rbk1-1796346264-1",Broadbalk Wheat annual grain and straw yields 1852-1925 ,R/BK/1,YIELD852925,2024,16
"10.23637/rbk1-1796346264-1",Broadbalk Wheat annual grain and straw yields 1852-1925 ,R/BK/1,YIELD852925,2025,48
"10.23637/rbk1-1796346264-1",Broadbalk Wheat annual grain and straw yields 1852-1925 ,R/BK/1,YIELD852925,2026,23
"10.23637/rbk1-beanyld6822-01",Broadbalk field bean yield components 1968-2022 ,R/BK/1,BEANYLD,2023,1
"10.23637/rbk1-beanyld6822-01",Broadbalk field bean yield components 1968-2022 ,R/BK/1,BEANYLD,2024,8
"10.23637/rbk1-beanyld6822-01",Broadbalk field bean yield components 1968-2022 ,R/BK/1,BEANYLD,2025,14
"10.23637/rbk1-beanyld6822-01",Broadbalk field bean yield components 1968-2022 ,R/BK/1,BEANYLD,2026,20
"10.23637/rbk1-bfr-01",Broadbalk Wheat brown foot rot (Fusarium spp.) 1992-2009,R/BK/1,BKBFR,2021,1
"10.23637/rbk1-bfr-01",Broadbalk Wheat brown foot rot (Fusarium spp.) 1992-2009,R/BK/1,BKBFR,2022,4
"10.23637/rbk1-bfr-01",Broadbalk Wheat brown foot rot (Fusarium spp.) 1992-2009,R/BK/1,BKBFR,2023,5
"10.23637/rbk1-bfr-01",Broadbalk Wheat brown foot rot (Fusarium spp.) 1992-2009,R/BK/1,BKBFR,2024,2
"10.23637/rbk1-bfr-01",Broadbalk Wheat brown foot rot (Fusarium spp.) 1992-2009,R/BK/1,BKBFR,2025,8
"10.23637/rbk1-bfr-01",Broadbalk Wheat brown foot rot (Fusarium spp.) 1992-2009,R/BK/1,BKBFR,2026,11
"10.23637/rbk1-BKNUTRW-01","Broadbalk Crop Nutrient Content, Wheat 1968-2017 ",R/BK/1,BKNUTRW,2021,10
"10.23637/rbk1-BKNUTRW-01","Broadbalk Crop Nutrient Content, Wheat 1968-2017 ",R/BK/1,BKNUTRW,2022,24
"10.23637/rbk1-BKNUTRW-01","Broadbalk Crop Nutrient Content, Wheat 1968-2017 ",R/BK/1,BKNUTRW,2023,26
"10.23637/rbk1-BKNUTRW-01","Broadbalk Crop Nutrient Content, Wheat 1968-2017 ",R/BK/1,BKNUTRW,2024,37
"10.23637/rbk1-BKNUTRW-01","Broadbalk Crop Nutrient Content, Wheat 1968-2017 ",R/BK/1,BKNUTRW,2025,27
"10.23637/rbk1-BKNUTRW-01","Broadbalk Crop Nutrient Content, Wheat 1968-2017 ",R/BK/1,BKNUTRW,2026,23
"10.23637/rbk1-bksoils-01",Broadbalk soil chemical properties 1843-2021 ,R/BK/1,BKSOIL,2025,5
"10.23637/rbk1-bksoils-01",Broadbalk soil chemical properties 1843-2021 ,R/BK/1,BKSOIL,2026,50
"10.23637/rbk1-chalk-01",Broadbalk Wheat Chalk Applications,R/BK/1,CHALK,2022,2
"10.23637/rbk1-chalk-01",Broadbalk Wheat Chalk Applications,R/BK/1,CHALK,2023,6
"10.23637/rbk1-chalk-01",Broadbalk Wheat Chalk Applications,R/BK/1,CHALK,2024,4
"10.23637/rbk1-chalk-01",Broadbalk Wheat Chalk Applications,R/BK/1,CHALK,2025,4
"10.23637/rbk1-chalk-01",Broadbalk Wheat Chalk Applications,R/BK/1,CHALK,2026,9
"10.23637/rbk1-data-fisher-1921-01",Fisher 1921 Broadbalk wheat grain yields 1852-1918 ,R/BK/1,FISHER1921,2021,3
"10.23637/rbk1-data-fisher-1921-01",Fisher 1921 Broadbalk wheat grain yields 1852-1918 ,R/BK/1,FISHER1921,2022,6
"10.23637/rbk1-data-fisher-1921-01",Fisher 1921 Broadbalk wheat grain yields 1852-1918 ,R/BK/1,FISHER1921,2023,10
"10.23637/rbk1-data-fisher-1921-01",Fisher 1921 Broadbalk wheat grain yields 1852-1918 ,R/BK/1,FISHER1921,2024,8
"10.23637/rbk1-data-fisher-1921-01",Fisher 1921 Broadbalk wheat grain yields 1852-1918 ,R/BK/1,FISHER1921,2025,6
"10.23637/rbk1-data-fisher-1921-01",Fisher 1921 Broadbalk wheat grain yields 1852-1918 ,R/BK/1,FISHER1921,2026,5
"10.23637/rbk1-fmyield9717-01",Broadbalk forage maize yields 1997-2017 ,R/BK/1,FMYIELD,2024,9
"10.23637/rbk1-fmyield9717-01",Broadbalk forage maize yields 1997-2017 ,R/BK/1,FMYIELD,2025,19
"10.23637/rbk1-fmyield9717-01",Broadbalk forage maize yields 1997-2017 ,R/BK/1,FMYIELD,2026,16
"10.23637/rbk1-FYM-01",Broadbalk Wheat Experiment organic manure chemical composition ,R/BK/1,BKFYM,2024,8
"10.23637/rbk1-FYM-01",Broadbalk Wheat Experiment organic manure chemical composition ,R/BK/1,BKFYM,2025,29
"10.23637/rbk1-FYM-01",Broadbalk Wheat Experiment organic manure chemical composition ,R/BK/1,BKFYM,2026,9
"10.23637/rbk1-meanyld5267",Broadbalk Wheat 10-year mean yields 1852-1967 ,R/BK/1,MEANYLD5267,2024,7
"10.23637/rbk1-meanyld5267",Broadbalk Wheat 10-year mean yields 1852-1967 ,R/BK/1,MEANYLD5267,2025,6
"10.23637/rbk1-meanyld5267",Broadbalk Wheat 10-year mean yields 1852-1967 ,R/BK/1,MEANYLD5267,2026,5
"10.23637/rbk1-oatyld9622-01",Broadbalk oats grain and straw yields 1996-2022 ,R/BK/1,OATYIELD,2025,11
"10.23637/rbk1-oatyld9622-01",Broadbalk oats grain and straw yields 1996-2022 ,R/BK/1,OATYIELD,2026,8
"10.23637/rbk1-potyld6896-01",Broadbalk potato tuber yields 1968-1996 ,R/BK/1,POTYIELD,2025,6
"10.23637/rbk1-potyld6896-01",Broadbalk potato tuber yields 1968-1996 ,R/BK/1,POTYIELD,2026,6
"10.23637/rbk1-trace2005-01",Broadbalk wheat grain micronutrients 1845-2005 ,R/BK/1,BKTRACE,2024,3
"10.23637/rbk1-trace2005-01",Broadbalk wheat grain micronutrients 1845-2005 ,R/BK/1,BKTRACE,2025,17
"10.23637/rbk1-trace2005-01",Broadbalk wheat grain micronutrients 1845-2005 ,R/BK/1,BKTRACE,2026,29
"10.23637/rbk1-weeds_1991-2021_01",Broadbalk Weed Survey Data 1991-2021 ,R/BK/1,WeedsSec8,2024,17
"10.23637/rbk1-weeds_1991-2021_01",Broadbalk Weed Survey Data 1991-2021 ,R/BK/1,WeedsSec8,2025,12
"10.23637/rbk1-weeds_1991-2021_01",Broadbalk Weed Survey Data 1991-2021 ,R/BK/1,WeedsSec8,2026,11
"10.23637/rbk1-yld2667-01",Broadbalk Wheat annual grain and straw yields 1926-1967 ,R/BK/1,YLD192667,2023,8
"10.23637/rbk1-yld2667-01",Broadbalk Wheat annual grain and straw yields 1926-1967 ,R/BK/1,YLD192667,2024,13
"10.23637/rbk1-yld2667-01",Broadbalk Wheat annual grain and straw yields 1926-1967 ,R/BK/1,YLD192667,2025,27
"10.23637/rbk1-yld2667-01",Broadbalk Wheat annual grain and straw yields 1926-1967 ,R/BK/1,YLD192667,2026,21
"10.23637/rbk1-yld6822-01",Broadbalk Wheat annual grain and straw yields 1968-2022 ,R/BK/1,YLD6822,2023,30
"10.23637/rbk1-yld6822-01",Broadbalk Wheat annual grain and straw yields 1968-2022 ,R/BK/1,YLD6822,2024,66
"10.23637/rbk1-yld6822-01",Broadbalk Wheat annual grain and straw yields 1968-2022 ,R/BK/1,YLD6822,2025,79
"10.23637/rbk1-yld6822-01",Broadbalk Wheat annual grain and straw yields 1968-2022 ,R/BK/1,YLD6822,2026,70
"10.23637/rbk1-yldS10115-01","Broadbalk Wheat yields and N uptake Section 1, 2001-2015 ",R/BK/1,YLDS10115,2022,14
"10.23637/rbk1-yldS10115-01","Broadbalk Wheat yields and N uptake Section 1, 2001-2015 ",R/BK/1,YLDS10115,2023,19
"10.23637/rbk1-yldS10115-01","Broadbalk Wheat yields and N uptake Section 1, 2001-2015 ",R/BK/1,YLDS10115,2024,10
"10.23637/rbk1-yldS10115-01","Broadbalk Wheat yields and N uptake Section 1, 2001-2015 ",R/BK/1,YLDS10115,2025,11
"10.23637/rbk1-yldS10115-01","Broadbalk Wheat yields and N uptake Section 1, 2001-2015 ",R/BK/1,YLDS10115,2026,13
"10.23637/rbk1/meanWWYields1852-2018-02",Broadbalk mean long-term yields of winter wheat 1852-2018 ,R/BK/1,OAWWYields,2023,1
"10.23637/rbk1/meanWWYields1852-2018-02",Broadbalk mean long-term yields of winter wheat 1852-2018 ,R/BK/1,OAWWYields,2024,7
"10.23637/rbk1/meanWWYields1852-2018-02",Broadbalk mean long-term yields of winter wheat 1852-2018 ,R/BK/1,OAWWYields,2025,2
"10.23637/rbk1/meanWWYields1852-2018-02",Broadbalk mean long-term yields of winter wheat 1852-2018 ,R/BK/1,OAWWYields,2026,3
"10.23637/rbk1/meanWWYields1852-2022-03",Broadbalk mean long-term yields of winter wheat 1852-2022 ,R/BK/1,OAWWYields,2023,25
"10.23637/rbk1/meanWWYields1852-2022-03",Broadbalk mean long-term yields of winter wheat 1852-2022 ,R/BK/1,OAWWYields,2024,32
"10.23637/rbk1/meanWWYields1852-2022-03",Broadbalk mean long-term yields of winter wheat 1852-2022 ,R/BK/1,OAWWYields,2025,32
"10.23637/rbk1/meanWWYields1852-2022-03",Broadbalk mean long-term yields of winter wheat 1852-2022 ,R/BK/1,OAWWYields,2026,19
"10.23637/rcs10-rltlcation-01",Rothamsted long-term liming experiment exchangeable cations re-analysed ,R/CS/10,RLTLCATION,2025,3
"10.23637/rcs10-rltlcation-01",Rothamsted long-term liming experiment exchangeable cations re-analysed ,R/CS/10,RLTLCATION,2026,5
"10.23637/rcs10-rltlgrain-01",Rothamsted long-term liming experiment grain mineral composition ,R/CS/10,RLTLGRAIN,2022,3
"10.23637/rcs10-rltlgrain-01",Rothamsted long-term liming experiment grain mineral composition ,R/CS/10,RLTLGRAIN,2023,4
"10.23637/rcs10-rltlgrain-01",Rothamsted long-term liming experiment grain mineral composition ,R/CS/10,RLTLGRAIN,2024,1
"10.23637/rcs10-rltlgrain-01",Rothamsted long-term liming experiment grain mineral composition ,R/CS/10,RLTLGRAIN,2025,5
"10.23637/rcs10-rltlgrain-01",Rothamsted long-term liming experiment grain mineral composition ,R/CS/10,RLTLGRAIN,2026,4
"10.23637/rcs10-rltlyields-01",Rothamsted long-term liming experiment crop yield 1962-1996 ,R/CS/10,RLTLYIELDS,2021,1
"10.23637/rcs10-rltlyields-01",Rothamsted long-term liming experiment crop yield 1962-1996 ,R/CS/10,RLTLYIELDS,2022,4
"10.23637/rcs10-rltlyields-01",Rothamsted long-term liming experiment crop yield 1962-1996 ,R/CS/10,RLTLYIELDS,2023,2
"10.23637/rcs10-rltlyields-01",Rothamsted long-term liming experiment crop yield 1962-1996 ,R/CS/10,RLTLYIELDS,2024,6
"10.23637/rcs10-rltlyields-01",Rothamsted long-term liming experiment crop yield 1962-1996 ,R/CS/10,RLTLYIELDS,2025,11
"10.23637/rcs10-rltlyields-01",Rothamsted long-term liming experiment crop yield 1962-1996 ,R/CS/10,RLTLYIELDS,2026,10
"10.23637/rcs10-soil-01",Rothamsted long-term liming experiment soil chemical properties 1962-1996 ,R/CS/10,RLTLSOIL,2024,4
"10.23637/rcs10-soil-01",Rothamsted long-term liming experiment soil chemical properties 1962-1996 ,R/CS/10,RLTLSOIL,2025,10
"10.23637/rcs10-soil-01",Rothamsted long-term liming experiment soil chemical properties 1962-1996 ,R/CS/10,RLTLSOIL,2026,6
"10.23637/rex4-PTESTSOIL7423-01",Exhaustion Land Experiment P test soil P 1974-2023 ,R/EX/4,SOIL7423,2025,2
"10.23637/rex4-PTESTSOIL7423-01",Exhaustion Land Experiment P test soil P 1974-2023 ,R/EX/4,SOIL7423,2026,3
"10.23637/REX4-PTESTYLD78623-1",Exhaustion Land Experiment P test annual crop yields 1986-2023 ,R/EX/4,PTEST8623,2025,3
"10.23637/REX4-PTESTYLD78623-1",Exhaustion Land Experiment P test annual crop yields 1986-2023 ,R/EX/4,PTEST8623,2026,2
"10.23637/rex4-puptake2013-01",Exhaustion Land wheat growth and nutrient uptake over two growing seasons ,R/EX/4,PUP2013,2025,4
"10.23637/rex4-puptake2013-01",Exhaustion Land wheat growth and nutrient uptake over two growing seasons ,R/EX/4,PUP2013,2026,3
"10.23637/rex4-SOIL1314-01","Exhaustion Land wheat growth, soil moisture and soil available P and N dynamics over two growing seasons ",R/EX/4,SOIL1314,2025,10
"10.23637/rex4-SOIL1314-01","Exhaustion Land wheat growth, soil moisture and soil available P and N dynamics over two growing seasons ",R/EX/4,SOIL1314,2026,10
"10.23637/rex4-soil2012-01",Exhaustion Land Experiment soil chemical properties 2012 ,R/EX/4,SOIL2012,2025,7
"10.23637/rex4-soil2012-01",Exhaustion Land Experiment soil chemical properties 2012 ,R/EX/4,SOIL2012,2026,7
"10.23637/REX4-YLD0239-01",Exhaustion Land Experiment annual crop yields 1902-1939 ,R/EX/4,YLD0239,2023,1
"10.23637/REX4-YLD0239-01",Exhaustion Land Experiment annual crop yields 1902-1939 ,R/EX/4,YLD0239,2024,3
"10.23637/REX4-YLD0239-01",Exhaustion Land Experiment annual crop yields 1902-1939 ,R/EX/4,YLD0239,2025,3
"10.23637/REX4-YLD0239-01",Exhaustion Land Experiment annual crop yields 1902-1939 ,R/EX/4,YLD0239,2026,1
"10.23637/REX4-YLD4075-01",Exhaustion Land Experiment annual crop yields 1940-1975 ,R/EX/4,YLD4075,2022,1
"10.23637/REX4-YLD4075-01",Exhaustion Land Experiment annual crop yields 1940-1975 ,R/EX/4,YLD4075,2023,3
"10.23637/REX4-YLD4075-01",Exhaustion Land Experiment annual crop yields 1940-1975 ,R/EX/4,YLD4075,2024,1
"10.23637/REX4-YLD4075-01",Exhaustion Land Experiment annual crop yields 1940-1975 ,R/EX/4,YLD4075,2025,3
"10.23637/REX4-YLD4075-01",Exhaustion Land Experiment annual crop yields 1940-1975 ,R/EX/4,YLD4075,2026,1
"10.23637/REX4-YLD5601-01",Exhaustion Land Experiment annual crop yields 1856-1901 ,R/EX/4,YLD5601,2023,1
"10.23637/REX4-YLD5601-01",Exhaustion Land Experiment annual crop yields 1856-1901 ,R/EX/4,YLD5601,2024,3
"10.23637/REX4-YLD5601-01",Exhaustion Land Experiment annual crop yields 1856-1901 ,R/EX/4,YLD5601,2025,2
"10.23637/REX4-YLD5601-01",Exhaustion Land Experiment annual crop yields 1856-1901 ,R/EX/4,YLD5601,2026,1
"10.23637/rex4-YLD7685-01",Exhaustion Land Experiment annual crop yields 1976-1985 ,R/EX/4,YLD7685,2025,3
"10.23637/rex4-YLD7685-01",Exhaustion Land Experiment annual crop yields 1976-1985 ,R/EX/4,YLD7685,2026,1
"10.23637/rhb2-FYM-01",Hoosfield Barley Experiment organic manure chemical composition 1852-2019 ,R/HB/2,HFFYM,2025,8
"10.23637/rhb2-FYM-01",Hoosfield Barley Experiment organic manure chemical composition 1852-2019 ,R/HB/2,HFFYM,2026,7
"10.23637/RMMRAIN5318",Total Monthly Rainfall at Rothamsted March 1853 - July 2018 ,RMS,RMMRAINS5318,2021,5
"10.23637/RMMRAIN5318",Total Monthly Rainfall at Rothamsted March 1853 - July 2018 ,RMS,RMMRAINS5318,2022,6
"10.23637/RMMRAIN5318",Total Monthly Rainfall at Rothamsted March 1853 - July 2018 ,RMS,RMMRAINS5318,2023,22
"10.23637/RMMRAIN5318",Total Monthly Rainfall at Rothamsted March 1853 - July 2018 ,RMS,RMMRAINS5318,2024,8
"10.23637/RMMRAIN5318",Total Monthly Rainfall at Rothamsted March 1853 - July 2018 ,RMS,RMMRAINS5318,2025,13
"10.23637/RMMRAIN5318",Total Monthly Rainfall at Rothamsted March 1853 - July 2018 ,RMS,RMMRAINS5318,2026,3
"10.23637/rms-RMAAtemp-02",Annual Mean Air Temperature at Rothamsted 1878-2019,RMS,RMAAtemp,2021,3
"10.23637/rms-RMAAtemp-02",Annual Mean Air Temperature at Rothamsted 1878-2019,RMS,RMAAtemp,2022,5
"10.23637/rms-RMAAtemp-02",Annual Mean Air Temperature at Rothamsted 1878-2019,RMS,RMAAtemp,2023,8
"10.23637/rms-RMAAtemp-02",Annual Mean Air Temperature at Rothamsted 1878-2019,RMS,RMAAtemp,2024,2
"10.23637/rms-RMAAtemp-02",Annual Mean Air Temperature at Rothamsted 1878-2019,RMS,RMAAtemp,2025,1
"10.23637/rms-RMAAtemp-03",Annual Mean Air Temperature at Rothamsted 1878-2023 ,RMS,RMAAtemp,2023,13
"10.23637/rms-RMAAtemp-03",Annual Mean Air Temperature at Rothamsted 1878-2023 ,RMS,RMAAtemp,2024,10
"10.23637/rms-RMAAtemp-03",Annual Mean Air Temperature at Rothamsted 1878-2023 ,RMS,RMAAtemp,2025,33
"10.23637/rms-RMAAtemp-03",Annual Mean Air Temperature at Rothamsted 1878-2023 ,RMS,RMAAtemp,2026,13
"10.23637/rms-RMAAtempanomaly-1",Annual Mean Air Temperature Anomaly at Rothamsted 1878-2019 ,RMS,RMAAtempanom,2021,13
"10.23637/rms-RMAAtempanomaly-1",Annual Mean Air Temperature Anomaly at Rothamsted 1878-2019 ,RMS,RMAAtempanom,2022,1
"10.23637/rms-RMAAtempanomaly-1",Annual Mean Air Temperature Anomaly at Rothamsted 1878-2019 ,RMS,RMAAtempanom,2023,4
"10.23637/rms-RMAAtempanomaly-1",Annual Mean Air Temperature Anomaly at Rothamsted 1878-2019 ,RMS,RMAAtempanom,2024,4
"10.23637/rms-RMAAtempanomaly-1",Annual Mean Air Temperature Anomaly at Rothamsted 1878-2019 ,RMS,RMAAtempanom,2025,3
"10.23637/rms-RMAAtempanomaly-1",Annual Mean Air Temperature Anomaly at Rothamsted 1878-2019 ,RMS,RMAAtempanom,2026,5
"10.23637/rms-RothSeasonTotRainMeanTemp1968-2022",Mean Seasonal Air Temperature and Total Seasonal Rain at Rothamsted 1968-2022 ,RMS,rmsSeasonRainTemp,2023,3
"10.23637/rms-RothSeasonTotRainMeanTemp1968-2022",Mean Seasonal Air Temperature and Total Seasonal Rain at Rothamsted 1968-2022 ,RMS,rmsSeasonRainTemp,2024,18
"10.23637/rms-RothSeasonTotRainMeanTemp1968-2022",Mean Seasonal Air Temperature and Total Seasonal Rain at Rothamsted 1968-2022 ,RMS,rmsSeasonRainTemp,2025,29
"10.23637/rms-RothSeasonTotRainMeanTemp1968-2022",Mean Seasonal Air Temperature and Total Seasonal Rain at Rothamsted 1968-2022 ,RMS,rmsSeasonRainTemp,2026,13
"10.23637/rmsAccTemp65-24-01",Accumulated Temperature at Rothamsted 1965-2024 ,RMS,rmsAccTemp6524,2026,3
"10.23637/rmsMAAirTemp1878-2024-01","Monthly and Annual Air Temperature (Max, Mean, Min) at Rothamsted 1878-2024 ",RMS,rmsMAtemp18782024,2025,3
"10.23637/rmsMAAirTemp1878-2024-01","Monthly and Annual Air Temperature (Max, Mean, Min) at Rothamsted 1878-2024 ",RMS,rmsMAtemp18782024,2026,36
"10.23637/rmsMMAirTemp1878-2023-01",Monthly Mean Average Air Temperature at Rothamsted 1878-2023 ,RMS,rmsMMTemp7823,2024,3
"10.23637/rmsMMAirTemp1878-2023-01",Monthly Mean Average Air Temperature at Rothamsted 1878-2023 ,RMS,rmsMMTemp7823,2025,21
"10.23637/rmsMMAirTemp1878-2023-01",Monthly Mean Average Air Temperature at Rothamsted 1878-2023 ,RMS,rmsMMTemp7823,2026,5
"10.23637/rmsMMRain10850917",Mean monthly rainfall at Rothamsted October 1985-September 2017,RMS,rmsMMR10850917,2021,3
"10.23637/rmsMMRain10850917",Mean monthly rainfall at Rothamsted October 1985-September 2017,RMS,rmsMMR10850917,2022,4
"10.23637/rmsMMRain10850917",Mean monthly rainfall at Rothamsted October 1985-September 2017,RMS,rmsMMR10850917,2023,9
"10.23637/rmsMMRain10850917",Mean monthly rainfall at Rothamsted October 1985-September 2017,RMS,rmsMMR10850917,2024,5
"10.23637/rmsMMRain10850917",Mean monthly rainfall at Rothamsted October 1985-September 2017,RMS,rmsMMR10850917,2025,5
"10.23637/rmsMMRain10850917",Mean monthly rainfall at Rothamsted October 1985-September 2017,RMS,rmsMMR10850917,2026,3
"10.23637/rmsmmtemp10850917",Mean monthly temperature at Rothamsted October 1985-September 2017,RMS,rmsMMT10850917,2021,9
"10.23637/rmsmmtemp10850917",Mean monthly temperature at Rothamsted October 1985-September 2017,RMS,rmsMMT10850917,2022,7
"10.23637/rmsmmtemp10850917",Mean monthly temperature at Rothamsted October 1985-September 2017,RMS,rmsMMT10850917,2023,8
"10.23637/rmsmmtemp10850917",Mean monthly temperature at Rothamsted October 1985-September 2017,RMS,rmsMMT10850917,2024,8
"10.23637/rmsmmtemp10850917",Mean monthly temperature at Rothamsted October 1985-September 2017,RMS,rmsMMT10850917,2025,2
"10.23637/rmsmmtemp10850917",Mean monthly temperature at Rothamsted October 1985-September 2017,RMS,rmsMMT10850917,2026,2
"10.23637/rmsTARain1853-2023-01",Total Annual Rainfall at Rothamsted 1853-2023 ,RMS,rmsTARain5323,2024,9
"10.23637/rmsTARain1853-2023-01",Total Annual Rainfall at Rothamsted 1853-2023 ,RMS,rmsTARain5323,2025,13
"10.23637/rmsTARain1853-2023-01",Total Annual Rainfall at Rothamsted 1853-2023 ,RMS,rmsTARain5323,2026,7
"10.23637/rmsTMArain1853-2024-01",Total Monthly and Annual Rain at Rothamsted 1853-2024 ,RMS,rmsTMArain5324,2025,9
"10.23637/rmsTMArain1853-2024-01",Total Monthly and Annual Rain at Rothamsted 1853-2024 ,RMS,rmsTMArain5324,2026,16
"10.23637/rmsTMASunHours1891-2024-01",Total Monthly and Annual Sunshine Hours at Rothamsted 1891-2024 ,RMS,rmsTMAsun18912024,2025,4
"10.23637/rmsTMASunHours1891-2024-01",Total Monthly and Annual Sunshine Hours at Rothamsted 1891-2024 ,RMS,rmsTMAsun18912024,2026,6
"10.23637/rmsTMASunHours1893-2023-01",Total Monthly and Annual Sunshine Hours at Rothamsted 1893-2023 ,RMS,rmsMTsun9323,2024,9
"10.23637/rmsTMASunHours1893-2023-01",Total Monthly and Annual Sunshine Hours at Rothamsted 1893-2023 ,RMS,rmsMTsun9323,2025,28
"10.23637/rmsTMASunHours1893-2023-01",Total Monthly and Annual Sunshine Hours at Rothamsted 1893-2023 ,RMS,rmsMTsun9323,2026,6
"10.23637/rmsTMRain18532023-01",Total Monthly Rainfall at Rothamsted March 1853 - December 2023 ,RMS,rmsTMRain5323,2024,15
"10.23637/rmsTMRain18532023-01",Total Monthly Rainfall at Rothamsted March 1853 - December 2023 ,RMS,rmsTMRain5323,2025,16
"10.23637/rmsTMRain18532023-01",Total Monthly Rainfall at Rothamsted March 1853 - December 2023 ,RMS,rmsTMRain5323,2026,2
"10.23637/rpg5-FYM-01",Park Grass Experiment organic manure chemical composition 1856-2017 ,R/PG/5,PGFYM,2024,1
"10.23637/rpg5-FYM-01",Park Grass Experiment organic manure chemical composition 1856-2017 ,R/PG/5,PGFYM,2025,6
"10.23637/rpg5-FYM-01",Park Grass Experiment organic manure chemical composition 1856-2017 ,R/PG/5,PGFYM,2026,6
"10.23637/rpg5-OAyieldsperiod2-2","Park Grass Hay Yields, Fertilizer and Lime Treatments 1903-1964 ",R/PG/5,OAyieldsperiod2,2025,7
"10.23637/rpg5-OAyieldsperiod2-2","Park Grass Hay Yields, Fertilizer and Lime Treatments 1903-1964 ",R/PG/5,OAyieldsperiod2,2026,10
"10.23637/rpg5-PGfactors-01",Park Grass factors for yield and nutrient conversions pre- and post- 1960 ,R/PG/5,PGfactors,2026,4
"10.23637/rpg5-PGherbnutris-1",Park Grass herbage nutrients 2000-2024 ,R/PG/5,PGherbnutris2000,2026,3
"10.23637/rpg5-PGsoilCN-01",Park Grass Soil Organic Carbon and Total Nitrogen 1856-2023 ,R/PG/5,PGSOC,2026,20
"10.23637/rpg5-PGsoilPex-01",Park Grass Soil Phosphorus and Exchangeable Cations 1856-2023 ,R/PG/5,PGsoilPex,2026,13
"10.23637/rpg5-PGsoilpH-1876-2023-01",Park Grass Soil pH 1876-2023 ,R/PG/5,PGsoilpH,2026,18
"10.23637/rpg5-PGtimeline-1856-2025-01",Park Grass Plot & Treatments Timeline 1856-2025 ,R/PG/5,PGplottime,2025,6
"10.23637/rpg5-PGtimeline-1856-2025-01",Park Grass Plot & Treatments Timeline 1856-2025 ,R/PG/5,PGplottime,2026,12
"10.23637/rpg5-PGYields1856-1902-1",Park Grass Fertilizer Treatments and Hay Yields 1856-1902 ,R/PG/5,OAyieldsperiod1,2025,9
"10.23637/rpg5-PGYields1856-1902-1",Park Grass Fertilizer Treatments and Hay Yields 1856-1902 ,R/PG/5,OAyieldsperiod1,2026,10
"10.23637/rpg5-PGYields19652024-1",Park Grass Yields and Fertilizer Treatments 1965-2024 ,R/PG/5,PGYields19652024,2025,12
"10.23637/rpg5-PGYields19652024-1",Park Grass Yields and Fertilizer Treatments 1965-2024 ,R/PG/5,PGYields19652024,2026,9
"10.23637/rpg5-PGYields19652024-2",Park Grass Yields and Fertilizer Treatments 1965-2024 ,R/PG/5,PGYields19652024,2026,13
"10.23637/rpg5-plotphotos-01",Park Grass Plot Photos,R/PG/5,plotphotos,2022,29
"10.23637/rpg5-plotphotos-01",Park Grass Plot Photos,R/PG/5,plotphotos,2023,4
"10.23637/rpg5-plotphotos-01",Park Grass Plot Photos,R/PG/5,plotphotos,2024,7
"10.23637/rpg5-plotphotos-01",Park Grass Plot Photos,R/PG/5,plotphotos,2025,7
"10.23637/rpg5-plotphotos-01",Park Grass Plot Photos,R/PG/5,plotphotos,2026,3
"10.23637/rpg5-species_1991-2000-01","Park Grass Species, Fertilizer and Lime Treatments 1991-2000",R/PG/5,OAPGspecies9100,2022,8
"10.23637/rpg5-species_1991-2000-01","Park Grass Species, Fertilizer and Lime Treatments 1991-2000",R/PG/5,OAPGspecies9100,2023,7
"10.23637/rpg5-species_1991-2000-01","Park Grass Species, Fertilizer and Lime Treatments 1991-2000",R/PG/5,OAPGspecies9100,2024,12
"10.23637/rpg5-species_1991-2000-01","Park Grass Species, Fertilizer and Lime Treatments 1991-2000",R/PG/5,OAPGspecies9100,2025,10
"10.23637/rpg5-species_1991-2000-01","Park Grass Species, Fertilizer and Lime Treatments 1991-2000",R/PG/5,OAPGspecies9100,2026,10
"10.23637/rpg5-species_2010-2012-01","Park Grass Species, Fertilizer and Lime Treatments 2010-2012",R/PG/5,OAPGspecies0012,2023,5
"10.23637/rpg5-species_2010-2012-01","Park Grass Species, Fertilizer and Lime Treatments 2010-2012",R/PG/5,OAPGspecies0012,2024,10
"10.23637/rpg5-species_2010-2012-01","Park Grass Species, Fertilizer and Lime Treatments 2010-2012",R/PG/5,OAPGspecies0012,2025,23
"10.23637/rpg5-species_2010-2012-01","Park Grass Species, Fertilizer and Lime Treatments 2010-2012",R/PG/5,OAPGspecies0012,2026,10
"10.23637/rpg5-transects-01",Park Grass 1993 soil transects across adjacent pairs of sub-plots with contrasting treatments ,R/PG/5,transects,2025,3
"10.23637/rpg5-transects-01",Park Grass 1993 soil transects across adjacent pairs of sub-plots with contrasting treatments ,R/PG/5,transects,2026,4
"10.23637/rpg5-yields1903-1964-01","Park Grass Hay Yields, Fertilizer and Lime Treatments 1903-1964 ",R/PG/5,OAyieldsperiod2,2022,1
"10.23637/rpg5-yields1903-1964-01","Park Grass Hay Yields, Fertilizer and Lime Treatments 1903-1964 ",R/PG/5,OAyieldsperiod2,2023,6
"10.23637/rpg5-yields1903-1964-01","Park Grass Hay Yields, Fertilizer and Lime Treatments 1903-1964 ",R/PG/5,OAyieldsperiod2,2024,12
"10.23637/rpg5-yields1903-1964-01","Park Grass Hay Yields, Fertilizer and Lime Treatments 1903-1964 ",R/PG/5,OAyieldsperiod2,2025,5
"10.23637/rpg5-yields1903-1964-01","Park Grass Hay Yields, Fertilizer and Lime Treatments 1903-1964 ",R/PG/5,OAyieldsperiod2,2026,3
"10.23637/rpg5-yields1965-2018-01","Park Grass Hay Yields, Fertilizer and Lime Treatments 1965-2018 ",R/PG/5,OAyieldsperiod3,2021,6
"10.23637/rpg5-yields1965-2018-01","Park Grass Hay Yields, Fertilizer and Lime Treatments 1965-2018 ",R/PG/5,OAyieldsperiod3,2022,11
"10.23637/rpg5-yields1965-2018-01","Park Grass Hay Yields, Fertilizer and Lime Treatments 1965-2018 ",R/PG/5,OAyieldsperiod3,2023,16
"10.23637/rpg5-yields1965-2018-01","Park Grass Hay Yields, Fertilizer and Lime Treatments 1965-2018 ",R/PG/5,OAyieldsperiod3,2024,13
"10.23637/rpg5-yields1965-2018-01","Park Grass Hay Yields, Fertilizer and Lime Treatments 1965-2018 ",R/PG/5,OAyieldsperiod3,2025,16
"10.23637/rpg5-yields1965-2018-01","Park Grass Hay Yields, Fertilizer and Lime Treatments 1965-2018 ",R/PG/5,OAyieldsperiod3,2026,5
"10.23637/rpg5-yields6523-01","Park Grass Hay Yields, Fertilizer and Lime Treatments 1965-2023 ",R/PG/5,PGYields19652023,2025,11
"10.23637/rpg5-yields6523-01","Park Grass Hay Yields, Fertilizer and Lime Treatments 1965-2023 ",R/PG/5,PGYields19652023,2026,6
"10.23637/rrn1-HLAcrop4923-01",Highfield Ley-arable Experiment cropping sequence 1949-2023 ,R/RN/1,HLACROP,2023,3
"10.23637/rrn1-HLAcrop4923-01",Highfield Ley-arable Experiment cropping sequence 1949-2023 ,R/RN/1,HLACROP,2024,2
"10.23637/rrn1-HLAcrop4923-01",Highfield Ley-arable Experiment cropping sequence 1949-2023 ,R/RN/1,HLACROP,2025,12
"10.23637/rrn1-HLAcrop4923-01",Highfield Ley-arable Experiment cropping sequence 1949-2023 ,R/RN/1,HLACROP,2026,16
"10.23637/rrn1-HLAsoc4814-01",Highfield Ley-arable experiment soil chemical properties 1948-2014 ,R/RN/1,SOC4814,2023,2
"10.23637/rrn1-HLAsoc4814-01",Highfield Ley-arable experiment soil chemical properties 1948-2014 ,R/RN/1,SOC4814,2024,4
"10.23637/rrn1-HLAsoc4814-01",Highfield Ley-arable experiment soil chemical properties 1948-2014 ,R/RN/1,SOC4814,2025,16
"10.23637/rrn1-HLAsoc4814-01",Highfield Ley-arable experiment soil chemical properties 1948-2014 ,R/RN/1,SOC4814,2026,5
"10.23637/rrn2-FLAcrop4923-01",Fosters Ley-arable Experiment cropping sequence 1949-2023 ,R/RN/2,FLACROP,2023,1
"10.23637/rrn2-FLAcrop4923-01",Fosters Ley-arable Experiment cropping sequence 1949-2023 ,R/RN/2,FLACROP,2024,2
"10.23637/rrn2-FLAcrop4923-01",Fosters Ley-arable Experiment cropping sequence 1949-2023 ,R/RN/2,FLACROP,2025,8
"10.23637/rrn2-FLAcrop4923-01",Fosters Ley-arable Experiment cropping sequence 1949-2023 ,R/RN/2,FLACROP,2026,4
"10.23637/rrn2-FLAsoc5014-01",Fosters Ley-arable experiment soil chemical properties 1948-2014 ,R/RN/2,SOC5014,2023,3
"10.23637/rrn2-FLAsoc5014-01",Fosters Ley-arable experiment soil chemical properties 1948-2014 ,R/RN/2,SOC5014,2024,3
"10.23637/rrn2-FLAsoc5014-01",Fosters Ley-arable experiment soil chemical properties 1948-2014 ,R/RN/2,SOC5014,2025,13
"10.23637/rrn2-FLAsoc5014-01",Fosters Ley-arable experiment soil chemical properties 1948-2014 ,R/RN/2,SOC5014,2026,8
"10.23637/rrn2-OARFLAsoc-1",Rothamsted Ley Arable Soil Organic Carbon 1948-2008; Fosters ,R/RN/2,FSOC4808,2021,13
"10.23637/rrn2-OARFLAsoc-1",Rothamsted Ley Arable Soil Organic Carbon 1948-2008; Fosters ,R/RN/2,FSOC4808,2022,14
"10.23637/rrn2-OARFLAsoc-1",Rothamsted Ley Arable Soil Organic Carbon 1948-2008; Fosters ,R/RN/2,FSOC4808,2023,14
"10.23637/rrn2-OARFLAsoc-1",Rothamsted Ley Arable Soil Organic Carbon 1948-2008; Fosters ,R/RN/2,FSOC4808,2024,4
"10.23637/rrn2-OARFLAsoc-1",Rothamsted Ley Arable Soil Organic Carbon 1948-2008; Fosters ,R/RN/2,FSOC4808,2025,8
"10.23637/rrn2-OARFLAsoc-1",Rothamsted Ley Arable Soil Organic Carbon 1948-2008; Fosters ,R/RN/2,FSOC4808,2026,7
"10.23637/rrs1-SOILCN-2","Highfield Bare Fallow soil chemical properties, 1959-2023 ",R/RS/1,SOILCN5914,2025,13
"10.23637/rrs1-SOILCN-2","Highfield Bare Fallow soil chemical properties, 1959-2023 ",R/RS/1,SOILCN5914,2026,4
"10.23637/rrs1-SOILCN1959-2014-01","Highfield Bare Fallow soil chemical properties, 1959-2014 ",R/RS/1,SOILCN5914,2022,11
"10.23637/rrs1-SOILCN1959-2014-01","Highfield Bare Fallow soil chemical properties, 1959-2014 ",R/RS/1,SOILCN5914,2023,11
"10.23637/rrs1-SOILCN1959-2014-01","Highfield Bare Fallow soil chemical properties, 1959-2014 ",R/RS/1,SOILCN5914,2024,10
"10.23637/rrs1-SOILCN1959-2014-01","Highfield Bare Fallow soil chemical properties, 1959-2014 ",R/RS/1,SOILCN5914,2025,8
"10.23637/rrs1-SOILCN1959-2014-01","Highfield Bare Fallow soil chemical properties, 1959-2014 ",R/RS/1,SOILCN5914,2026,1
"10.23637/rrs9-SOIL2010-01",Acid Strip soil pH and phosphorus concentration 2010,R/RS/9,SOIL2010,2023,5
"10.23637/rrs9-SOIL2010-01",Acid Strip soil pH and phosphorus concentration 2010,R/RS/9,SOIL2010,2024,8
"10.23637/rrs9-SOIL2010-01",Acid Strip soil pH and phosphorus concentration 2010,R/RS/9,SOIL2010,2025,6
"10.23637/rrs9-SOIL2010-01",Acid Strip soil pH and phosphorus concentration 2010,R/RS/9,SOIL2010,2026,5
"10.23637/Sax-1928223556-01",Saxmundham monthly meteorological summaries 1966-1985,SMS,SaxMet1966,2023,3
"10.23637/Sax-1928223556-01",Saxmundham monthly meteorological summaries 1966-1985,SMS,SaxMet1966,2024,3
"10.23637/Sax-1928223556-01",Saxmundham monthly meteorological summaries 1966-1985,SMS,SaxMet1966,2025,1
"10.23637/Sax-1928223556-01",Saxmundham monthly meteorological summaries 1966-1985,SMS,SaxMet1966,2026,1
"10.23637/wcs10-soil-01",Woburn long-term liming experiment soil chemical properties 1962-1996 ,W/CS/10,WLTLSOIL,2023,1
"10.23637/wcs10-soil-02",Woburn long-term liming experiment soil chemical properties 1962-1996 ,W/CS/10,WLTLSOIL,2024,4
"10.23637/wcs10-soil-02",Woburn long-term liming experiment soil chemical properties 1962-1996 ,W/CS/10,WLTLSOIL,2025,5
"10.23637/wcs10-soil-02",Woburn long-term liming experiment soil chemical properties 1962-1996 ,W/CS/10,WLTLSOIL,2026,5
"10.23637/wcs10-wltlgrain-01",Woburn long-term liming experiment grain mineral composition ,W/CS/10,WLTLGRAIN,2021,1
"10.23637/wcs10-wltlgrain-01",Woburn long-term liming experiment grain mineral composition ,W/CS/10,WLTLGRAIN,2022,2
"10.23637/wcs10-wltlgrain-01",Woburn long-term liming experiment grain mineral composition ,W/CS/10,WLTLGRAIN,2025,5
"10.23637/wcs10-wltlgrain-01",Woburn long-term liming experiment grain mineral composition ,W/CS/10,WLTLGRAIN,2026,2
"10.23637/wcs10-wltlyields-01",Woburn long-term liming experiment crop yields 1962-1996 ,W/CS/10,WLTLYIELDS,2022,4
"10.23637/wcs10-wltlyields-01",Woburn long-term liming experiment crop yields 1962-1996 ,W/CS/10,WLTLYIELDS,2023,1
"10.23637/wcs10-wltlyields-01",Woburn long-term liming experiment crop yields 1962-1996 ,W/CS/10,WLTLYIELDS,2024,1
"10.23637/wcs10-wltlyields-01",Woburn long-term liming experiment crop yields 1962-1996 ,W/CS/10,WLTLYIELDS,2025,6
"10.23637/wcs10-wltlyields-01",Woburn long-term liming experiment crop yields 1962-1996 ,W/CS/10,WLTLYIELDS,2026,2
"10.23637/wrn12-FYM-1",Woburn Organic Manuring Experiment organic manure chemical composition 1965-2019 ,W/RN/12,WOMFYM,2024,1
"10.23637/wrn12-FYM-1",Woburn Organic Manuring Experiment organic manure chemical composition 1965-2019 ,W/RN/12,WOMFYM,2025,12
"10.23637/wrn12-FYM-1",Woburn Organic Manuring Experiment organic manure chemical composition 1965-2019 ,W/RN/12,WOMFYM,2026,3
"10.23637/wrn20-sed-01",Woburn Erosion Reference Experiment soil erosion and surface runoff data ,W/RN/20,RN20SED,2024,6
"10.23637/wrn20-sed-01",Woburn Erosion Reference Experiment soil erosion and surface runoff data ,W/RN/20,RN20SED,2025,12
"10.23637/wrn20-sed-01",Woburn Erosion Reference Experiment soil erosion and surface runoff data ,W/RN/20,RN20SED,2026,10
"10.23637/wrn20-soil-01",Woburn Erosion Reference Experiment plot soil total C and N ,W/RN/20,RN20SOIL,2024,3
"10.23637/wrn20-soil-01",Woburn Erosion Reference Experiment plot soil total C and N ,W/RN/20,RN20SOIL,2025,4
"10.23637/wrn20-soil-01",Woburn Erosion Reference Experiment plot soil total C and N ,W/RN/20,RN20SOIL,2026,4
"10.23637/wrn20-yield-01",Woburn Erosion Reference Experiment crop yields. ,W/RN/20,RN20YLD,2024,7
"10.23637/wrn20-yield-01",Woburn Erosion Reference Experiment crop yields. ,W/RN/20,RN20YLD,2025,7
"10.23637/wrn20-yield-01",Woburn Erosion Reference Experiment crop yields. ,W/RN/20,RN20YLD,2026,3
"10.23637/wrn3-cropping1938-2020-02",Woburn Ley-arable experiment cropping sequence 1938-2020 ,W/RN/3,CROP,2022,1
"10.23637/wrn3-cropping1938-2020-02",Woburn Ley-arable experiment cropping sequence 1938-2020 ,W/RN/3,CROP,2023,9
"10.23637/wrn3-cropping1938-2020-02",Woburn Ley-arable experiment cropping sequence 1938-2020 ,W/RN/3,CROP,2024,4
"10.23637/wrn3-cropping1938-2020-02",Woburn Ley-arable experiment cropping sequence 1938-2020 ,W/RN/3,CROP,2025,6
"10.23637/wrn3-soc3809-01","Woburn Ley-arable experiment soil organic carbon, 1938-2009",W/RN/3,SOC3809,2022,1
"10.23637/wrn3-soc3809-01","Woburn Ley-arable experiment soil organic carbon, 1938-2009",W/RN/3,SOC3809,2023,17
"10.23637/wrn3-soc3809-01","Woburn Ley-arable experiment soil organic carbon, 1938-2009",W/RN/3,SOC3809,2024,4
"10.23637/wrn3-soc3809-01","Woburn Ley-arable experiment soil organic carbon, 1938-2009",W/RN/3,SOC3809,2025,15
"10.23637/wrn3-soc3809-01","Woburn Ley-arable experiment soil organic carbon, 1938-2009",W/RN/3,SOC3809,2026,5
"10.23637/wrn3-wheat7618-01","Woburn Ley-arable experiment: yields of wheat as first test crop, 1976-2018",W/RN/3,WH7618,2022,19
"10.23637/wrn3-wheat7618-01","Woburn Ley-arable experiment: yields of wheat as first test crop, 1976-2018",W/RN/3,WH7618,2023,9
"10.23637/wrn3-wheat7618-01","Woburn Ley-arable experiment: yields of wheat as first test crop, 1976-2018",W/RN/3,WH7618,2024,6
"10.23637/wrn3-wheat7618-01","Woburn Ley-arable experiment: yields of wheat as first test crop, 1976-2018",W/RN/3,WH7618,2025,14
"10.23637/wrn3-wheat7618-01","Woburn Ley-arable experiment: yields of wheat as first test crop, 1976-2018",W/RN/3,WH7618,2026,5
"10.23637/wsc10-wltlcation-01",Woburn long-term liming experiment exchangeable cations re-analysed ,W/CS/10,WLTLCATION,2025,2
"10.23637/wsc10-wltlcation-01",Woburn long-term liming experiment exchangeable cations re-analysed ,W/CS/10,WLTLCATION,2026,2
"10.23637/wxb6-soil7632-01",Woburn Continuous Barley Experiment soil data 1876-1932 ,W/XB/6,BSOIL7632,2022,1
"10.23637/wxb6-soil7632-01",Woburn Continuous Barley Experiment soil data 1876-1932 ,W/XB/6,BSOIL7632,2023,8
"10.23637/wxb6-soil7632-01",Woburn Continuous Barley Experiment soil data 1876-1932 ,W/XB/6,BSOIL7632,2024,5
"10.23637/wxb6-soil7632-01",Woburn Continuous Barley Experiment soil data 1876-1932 ,W/XB/6,BSOIL7632,2025,8
"10.23637/wxb6-soil7632-01",Woburn Continuous Barley Experiment soil data 1876-1932 ,W/XB/6,BSOIL7632,2026,2
"10.23637/wxb6-yield2742-01",Woburn Continuous Barley Experiment yields 1927-1942,W/XB/6,BYIELD2742,2023,2
"10.23637/wxb6-yield2742-01",Woburn Continuous Barley Experiment yields 1927-1942,W/XB/6,BYIELD2742,2024,1
"10.23637/wxb6-yield2742-01",Woburn Continuous Barley Experiment yields 1927-1942,W/XB/6,BYIELD2742,2025,6
"10.23637/wxb6-yield2742-01",Woburn Continuous Barley Experiment yields 1927-1942,W/XB/6,BYIELD2742,2026,1
"10.23637/wxb6-yield4366-01",Woburn Continuous Barley Experiment yields 1943-1966,W/XB/6,BYIELD4366,2023,2
"10.23637/wxb6-yield4366-01",Woburn Continuous Barley Experiment yields 1943-1966,W/XB/6,BYIELD4366,2024,3
"10.23637/wxb6-yield4366-01",Woburn Continuous Barley Experiment yields 1943-1966,W/XB/6,BYIELD4366,2025,6
"10.23637/wxb6-yield4366-01",Woburn Continuous Barley Experiment yields 1943-1966,W/XB/6,BYIELD4366,2026,1
"10.23637/wxb6-yield7726-01",Woburn Continuous Barley Experiment yields 1877-1926,W/XB/6,BYIELD7726,2022,1
"10.23637/wxb6-yield7726-01",Woburn Continuous Barley Experiment yields 1877-1926,W/XB/6,BYIELD7726,2023,4
"10.23637/wxb6-yield7726-01",Woburn Continuous Barley Experiment yields 1877-1926,W/XB/6,BYIELD7726,2024,1
"10.23637/wxb6-yield7726-01",Woburn Continuous Barley Experiment yields 1877-1926,W/XB/6,BYIELD7726,2025,7
"10.23637/wxb6-yield7726-01",Woburn Continuous Barley Experiment yields 1877-1926,W/XB/6,BYIELD7726,2026,3
"10.23637/wxw6-soil7632-01",Woburn Continuous Wheat Experiment soil data 1876-1932 ,W/XW/6,WSOIL7632,2023,12
"10.23637/wxw6-soil7632-01",Woburn Continuous Wheat Experiment soil data 1876-1932 ,W/XW/6,WSOIL7632,2024,7
"10.23637/wxw6-soil7632-01",Woburn Continuous Wheat Experiment soil data 1876-1932 ,W/XW/6,WSOIL7632,2025,11
"10.23637/wxw6-soil7632-01",Woburn Continuous Wheat Experiment soil data 1876-1932 ,W/XW/6,WSOIL7632,2026,1
"10.23637/wxw6-yield2742-01",Woburn Continuous Wheat Experiment yields 1927-1942,W/XW/6,WYIELD2742,2022,1
"10.23637/wxw6-yield2742-01",Woburn Continuous Wheat Experiment yields 1927-1942,W/XW/6,WYIELD2742,2023,7
"10.23637/wxw6-yield2742-01",Woburn Continuous Wheat Experiment yields 1927-1942,W/XW/6,WYIELD2742,2024,5
"10.23637/wxw6-yield2742-01",Woburn Continuous Wheat Experiment yields 1927-1942,W/XW/6,WYIELD2742,2025,8
"10.23637/wxw6-yield2742-01",Woburn Continuous Wheat Experiment yields 1927-1942,W/XW/6,WYIELD2742,2026,2
"10.23637/wxw6-yield4366-01",Woburn Continuous Wheat Experiment yields 1943-1966,W/XW/6,WYIELD4366,2022,2
"10.23637/wxw6-yield4366-01",Woburn Continuous Wheat Experiment yields 1943-1966,W/XW/6,WYIELD4366,2023,4
"10.23637/wxw6-yield4366-01",Woburn Continuous Wheat Experiment yields 1943-1966,W/XW/6,WYIELD4366,2024,2
"10.23637/wxw6-yield4366-01",Woburn Continuous Wheat Experiment yields 1943-1966,W/XW/6,WYIELD4366,2025,8
"10.23637/wxw6-yield4366-01",Woburn Continuous Wheat Experiment yields 1943-1966,W/XW/6,WYIELD4366,2026,2
"10.23637/wxw6-yield7726-01",Woburn Continuous Wheat Experiment yields 1877-1926,W/XW/6,WYIELD7726,2022,2
"10.23637/wxw6-yield7726-01",Woburn Continuous Wheat Experiment yields 1877-1926,W/XW/6,WYIELD7726,2023,8
"10.23637/wxw6-yield7726-01",Woburn Continuous Wheat Experiment yields 1877-1926,W/XW/6,WYIELD7726,2024,3
"10.23637/wxw6-yield7726-01",Woburn Continuous Wheat Experiment yields 1877-1926,W/XW/6,WYIELD7726,2025,11
"10.23637/wxw6-yield7726-01",Woburn Continuous Wheat Experiment yields 1877-1926,W/XW/6,WYIELD7726,2026,3
